{
    "Hexagonal Array - FFT": [
        0.38955536220120124,
        0.09210582036185522,
        0.046119471231253546,
        0.03713212862046327,
        0.03735765317082808,
        0.03743029953832665,
        0.036121795476423774
    ],
    "Hexagonal Array - MUSIC": [
        0.374504568160355,
        0.1304483243372539,
        0.059122261077468714,
        0.04385405779306023,
        0.031061391757467943,
        0.027327494728149226,
        0.022924296527230135
    ],
    "Nested Array - FFT": [
        0.41028961006843107,
        0.15274800574860198,
        0.06870002407851677,
        0.04837841005919362,
        0.04382312442729303,
        0.042714062781673535,
        0.041882532302571863
    ],
    "Nested Array - MUSIC": [
        0.39657515858075537,
        0.18915349129238956,
        0.07752411526336281,
        0.049305738663634746,
        0.034780570248259327,
        0.025189013185936228,
        0.02082824966297893
    ],
    "Open Box Array - FFT": [
        0.4650660041491973,
        0.24543388338021713,
        0.13471209373247112,
        0.09532131390627402,
        0.08670023992995271,
        0.08346479713121296,
        0.07984265643404681
    ],
    "Open Box Array - MUSIC": [
        0.46863869843945083,
        0.321885848085726,
        0.13135349396932475,
        0.04113784118477007,
        0.030405397085986066,
        0.022378021423559182,
        0.022369627908445565
    ],
    "Half Open Box Array - FFT": [
        0.4599896170519658,
        0.2436067276101702,
        0.11738333468980132,
        0.08869634697267956,
        0.07722644248601927,
        0.07188746867483778,
        0.07090362968919962
    ],
    "Half Open Box Array - MUSIC": [
        0.4711348220628018,
        0.34195889086872105,
        0.13714056678052136,
        0.03808345977222472,
        0.02672190514768137,
        0.022998349284202645,
        0.02008819827918842
    ],
    "Half Open Box Array 2 - FFT": [
        0.4608575301617227,
        0.20448791573143826,
        0.08378501913954937,
        0.057988746967962516,
        0.052421515542609154,
        0.0489517535809629,
        0.04836279033225447
    ],
    "Half Open Box Array 2 - MUSIC": [
        0.4520083643446251,
        0.29266699450638617,
        0.09732029498772791,
        0.039066840074235325,
        0.02682123725315503,
        0.020730220180072235,
        0.01871240688541887
    ],
    "Uniform Rectangular Array - FFT": [
        0.032496080136642985,
        0.027734556209638387,
        0.025154840865564472,
        0.02540689323786028,
        0.022992830205869542,
        0.02372968171812317,
        0.023663396758636174
    ]
}