{
    "Hexagonal Array - FFT": [
        0.3775909563658878,
        0.07778573417714535,
        0.03111274241519364,
        0.024065973740077153,
        0.021419410712493897,
        0.02178468531672576,
        0.021639904866549674
    ],
    "Hexagonal Array - MUSIC": [
        0.36869330140043255,
        0.10717209835444387,
        0.04014453681840806,
        0.0280331462494707,
        0.022333065383939574,
        0.015998928192185843,
        0.014568896944082997
    ],
    "Nested Array - FFT": [
        0.4060290107477252,
        0.1363727920557963,
        0.058158328652384045,
        0.03608849273612952,
        0.030603054588713877,
        0.02894261199724776,
        0.029176008054380687
    ],
    "Nested Array - MUSIC": [
        0.3966833763519061,
        0.17271845995705018,
        0.07132756911556416,
        0.04289715214349775,
        0.03136835568430825,
        0.02229937177601248,
        0.01817972906479993
    ],
    "Open Box Array - FFT": [
        0.447395153715076,
        0.23166322093294425,
        0.11752784119049119,
        0.09082691598213306,
        0.07990397446981301,
        0.07503277220440296,
        0.07259100505172687
    ],
    "Open Box Array - MUSIC": [
        0.4598215669137698,
        0.3200316130849085,
        0.1242975058726827,
        0.0406071377067874,
        0.027652149940146756,
        0.021988532070740863,
        0.022651759892360884
    ],
    "Half Open Box Array - FFT": [
        0.45517995917555565,
        0.2310032098674433,
        0.10720396646887478,
        0.0773799492185781,
        0.0688848412409961,
        0.06749465333998672,
        0.06641084822822664
    ],
    "Half Open Box Array - MUSIC": [
        0.4682267379748412,
        0.3282329670398477,
        0.11941778460201052,
        0.0373049747576532,
        0.02668958878564113,
        0.019914270028362355,
        0.020737556379426553
    ],
    "Half Open Box Array 2 - FFT": [
        0.447241934373947,
        0.18745671342306125,
        0.06988164290459983,
        0.04283738266878828,
        0.03820317495660577,
        0.03701668677691161,
        0.03659812388778399
    ],
    "Half Open Box Array 2 - MUSIC": [
        0.4542773843346289,
        0.2896054143311398,
        0.09501988301481522,
        0.03492181166503285,
        0.025649130529025496,
        0.021587153000728228,
        0.020764905729072854
    ],
    "Uniform Rectangular Array - FFT": [
        0.02661036758273262,
        0.01829801382585685,
        0.016195515804909622,
        0.015554532113944817,
        0.015697526615455863,
        0.015685085799040502,
        0.015896734461932682
    ]
}