{
    "Hexagonal Array - FFT": [
        0.017680824580381317,
        0.014614108561626345,
        0.01402958044279038,
        0.01413897186924325,
        0.01421169248302216,
        0.014192821230724394,
        0.014167142887224074
    ],
    "Hexagonal Array - MUSIC": [
        0.029294984764445323,
        0.017866226451923973,
        0.01340838514283356,
        0.013097255764014033,
        0.012480841822194659,
        0.012335836808746808,
        0.012240700465948481
    ],
    "Nested Array - FFT": [
        0.015693495200711036,
        0.012694557485278401,
        0.011553019878348067,
        0.010761992065981385,
        0.010691187006558937,
        0.010645091566989263,
        0.010047573245456312
    ],
    "Nested Array - MUSIC": [
        0.04314300277987112,
        0.024063975816549538,
        0.018813243600028447,
        0.018548622380180842,
        0.019073063900488872,
        0.01911834173867103,
        0.019174544677374103
    ],
    "Open Box Array - FFT": [
        0.012882284813886223,
        0.011618410906516934,
        0.011423549421872863,
        0.01175575175027102,
        0.01174963225131564,
        0.011738040375727793,
        0.01174578505826891
    ],
    "Open Box Array - MUSIC": [
        0.0356669760931912,
        0.0276152034912448,
        0.021143073660072453,
        0.021748164783994897,
        0.020295691936351074,
        0.0206402271555425,
        0.020801264951297773
    ],
    "Half Open Box Array - FFT": [
        0.01411673903555535,
        0.012338657276014558,
        0.011687670366935217,
        0.011957783439171976,
        0.011780008632298446,
        0.011848361802819356,
        0.011755847584522874
    ],
    "Half Open Box Array - MUSIC": [
        0.031005735138523362,
        0.020436457418068106,
        0.021033801081931917,
        0.02038414531360837,
        0.020099653594954622,
        0.020030621113031527,
        0.01982436045342245
    ],
    "Half Open Box Array 2 - FFT": [
        0.013819918330143349,
        0.012239625388790518,
        0.012055056988036512,
        0.01238607438397219,
        0.011840268198401914,
        0.011850252018523594,
        0.011797194009690143
    ],
    "Half Open Box Array 2 - MUSIC": [
        0.03388068883429443,
        0.02371143636092282,
        0.020288385368308653,
        0.019766443337558844,
        0.02021208675823617,
        0.019960604022417668,
        0.019643313944441885
    ],
    "Uniform Rectangular Array - FFT": [
        0.011007063678400736,
        0.011517880749675862,
        0.011522103325498205,
        0.011562091762397688,
        0.01154480226626353,
        0.011554134823461645,
        0.011560794246557796
    ]
}