{
    "Uniform Rectangular Array - FFT": [
        0.17097264755239758,
        0.1286661027860098,
        0.11617192687454889,
        0.11629728666871529,
        0.11738719331590386,
        0.11794200244305357,
        0.11742241531440216
    ],
    "Uniform Rectangular Array - MUSIC": [
        0.3231305564577181,
        0.23183155016538973,
        0.16568386017239492,
        0.11831599061705378,
        0.09421903634889152,
        0.08386102957498688,
        0.07541415638064855
    ]
}