{
    "Hexagonal Array - FFT": [
        0.01968513216993084,
        0.015702691493658466,
        0.015115743932433704,
        0.016002974196475367,
        0.016487845875043088,
        0.01643942788950318,
        0.01683008986380968
    ],
    "Hexagonal Array - MUSIC": [
        0.03489311370703795,
        0.01859724584642403,
        0.014704506848148441,
        0.014207222996013418,
        0.013455626523741738,
        0.013268045868827225,
        0.013125671610247303
    ],
    "Nested Array - FFT": [
        0.018416196689248928,
        0.013978336783539332,
        0.012618541457330316,
        0.012875016309272224,
        0.012529828914679804,
        0.011841754092266937,
        0.011816910231758355
    ],
    "Nested Array - MUSIC": [
        0.06158959206882867,
        0.028279607853292567,
        0.019186732357042574,
        0.016486475850191234,
        0.015354877857689117,
        0.014534317450953935,
        0.015029792971308433
    ],
    "Open Box Array - FFT": [
        0.016172803967058533,
        0.014232331460460124,
        0.01343989558029756,
        0.012484520934285787,
        0.012390539207204784,
        0.012501828993240456,
        0.012531208876650627
    ],
    "Open Box Array - MUSIC": [
        0.1148058282962668,
        0.024598986418225832,
        0.019227860846092612,
        0.016659427414853392,
        0.017497251532068745,
        0.017933781234298122,
        0.017908440887570896
    ],
    "Half Open Box Array - FFT": [
        0.018157722321299537,
        0.014958602167883101,
        0.013096006476843202,
        0.012782984565863556,
        0.012421456038606955,
        0.012395743117590483,
        0.012402852026456659
    ],
    "Half Open Box Array - MUSIC": [
        0.11283749586235868,
        0.023564253438128593,
        0.016527599608832003,
        0.01654371821871213,
        0.015399387348622052,
        0.015977589673458453,
        0.015759311137977162
    ],
    "Half Open Box Array 2 - FFT": [
        0.015439913816432291,
        0.012225087497379428,
        0.011304885669291135,
        0.012072756537944746,
        0.011985259957023816,
        0.011986706239416339,
        0.012038106040787696
    ],
    "Half Open Box Array 2 - MUSIC": [
        0.07734164008278752,
        0.020909348735274138,
        0.016378522463801774,
        0.016599397555044353,
        0.015689397421805272,
        0.015511401785263392,
        0.015939371208704537
    ],
    "Uniform Rectangular Array - FFT": [
        0.013267660454227366,
        0.012550255885161246,
        0.012366146102923716,
        0.01224035517183563,
        0.012191571784945022,
        0.012187395030783211,
        0.012180454482176126
    ]
}