{
    "Hexagonal Array - FFT": [
        0.028946416447987813,
        0.016745546005113,
        0.014119241882846406,
        0.013147539015400646,
        0.012836939548461709,
        0.012876207763290364,
        0.013499262438525703
    ],
    "Hexagonal Array - MUSIC": [
        0.08229891681612626,
        0.026446196415254312,
        0.017577471758492332,
        0.013400620071916731,
        0.011468809691491978,
        0.011301978222931316,
        0.01124257176513993
    ],
    "Nested Array - FFT": [
        0.04047487526501194,
        0.015210481263470629,
        0.012200303759511321,
        0.01171108876285053,
        0.01071159797762259,
        0.011049176497020474,
        0.010598953112574453
    ],
    "Nested Array - MUSIC": [
        0.15017021470741237,
        0.04036933486705779,
        0.025216485955913085,
        0.017163481002021388,
        0.014956257019282677,
        0.015483913911841991,
        0.015861789367010975
    ],
    "Open Box Array - FFT": [
        0.05769960717765077,
        0.011742064759411048,
        0.01029567690217138,
        0.010904409090235401,
        0.01071002351768376,
        0.010725557491112613,
        0.010634969838091335
    ],
    "Open Box Array - MUSIC": [
        0.28673592114288654,
        0.03428540584684263,
        0.020606163024897723,
        0.01702707423030334,
        0.01744223419432457,
        0.017709207412816286,
        0.01750911838467903
    ],
    "Half Open Box Array - FFT": [
        0.05784995206245303,
        0.013137183882168472,
        0.010815292455608066,
        0.010015414074820036,
        0.009972605591969889,
        0.00994369015429192,
        0.010547431475003446
    ],
    "Half Open Box Array - MUSIC": [
        0.30386821233383404,
        0.035514669651858316,
        0.02231277596046716,
        0.01796391344188399,
        0.018101167423806547,
        0.01812596445660393,
        0.017428449256973733
    ],
    "Half Open Box Array 2 - FFT": [
        0.04250090697631753,
        0.011404781816639948,
        0.010194322931032892,
        0.010232306791086616,
        0.010148181152285133,
        0.010100717799155499,
        0.010068520343944254
    ],
    "Half Open Box Array 2 - MUSIC": [
        0.24507177350712625,
        0.0326210539495217,
        0.019900991342362135,
        0.01648382805980482,
        0.01686118858693007,
        0.01710913218613806,
        0.016654381378640348
    ],
    "Uniform Rectangular Array - FFT": [
        0.010646237614359797,
        0.00989728819109061,
        0.010053561057030381,
        0.009979891586548873,
        0.009897534058116284,
        0.009663233941447415,
        0.009662572357519076
    ]
}