{
    "Uniform Rectangular Array - FFT": [
        0.3888835976929,
        0.19758415669063897,
        0.15384497549448017,
        0.1441564661091999,
        0.13907264054219592,
        0.13871541759607367,
        0.13872666411869233
    ],
    "Uniform Rectangular Array - MUSIC": [
        0.392380589067543,
        0.3168874056504139,
        0.2737741472839407,
        0.21999431324594762,
        0.17306058436190072,
        0.12515474711566033,
        0.09940106398446906
    ]
}