{
    "Uniform Rectangular Array - FFT": [
        0.15984280324159547,
        0.1223301968594417,
        0.1139145086112426,
        0.11247149659348007,
        0.11201843380030879,
        0.1125076286749524,
        0.11244419692174158
    ],
    "Uniform Rectangular Array - MUSIC": [
        0.27172559951326203,
        0.1856487338615898,
        0.12603004978030735,
        0.1030583642569562,
        0.07230612254878148,
        0.06376837768979379,
        0.05702783137579051
    ]
}