{
    "Uniform Rectangular Array - FFT": [
        0.14006363779434602,
        0.11300117881971972,
        0.10658864946967365,
        0.10490155087083256,
        0.10443293672855916,
        0.10462265625065348,
        0.10578457136117601
    ],
    "Uniform Rectangular Array - MUSIC": [
        0.2352869066847163,
        0.1529820721049819,
        0.10320463911352472,
        0.07201561065388781,
        0.06770400043904086,
        0.06197320324748551,
        0.06130254504900427
    ]
}