{
    "Hexagonal Array - FFT": [
        0.0236741963031724,
        0.019210643358213646,
        0.01875938327205731,
        0.019759694875719304,
        0.019908240090361295,
        0.021590150541213087,
        0.021316806265115812
    ],
    "Hexagonal Array - MUSIC": [
        0.03222885064101653,
        0.02524259809985445,
        0.020820902003308977,
        0.019963476775584917,
        0.018553592236107728,
        0.01878040586961212,
        0.018567186798400758
    ],
    "Nested Array - FFT": [
        0.021679579963841164,
        0.017006149552928528,
        0.01542086568475591,
        0.015277930226198177,
        0.015383243328403576,
        0.01506544826017955,
        0.014857157386826733
    ],
    "Nested Array - MUSIC": [
        0.0415090893249474,
        0.024609951762042493,
        0.018150862891200752,
        0.015503503279303471,
        0.015782504047200423,
        0.015266714441124991,
        0.015574376003684214
    ],
    "Open Box Array - FFT": [
        0.015750215534182044,
        0.014004875282792767,
        0.01281396936110522,
        0.014060777083963943,
        0.01412706711595654,
        0.01407089278420769,
        0.013561732650483547
    ],
    "Open Box Array - MUSIC": [
        0.03883575590783371,
        0.024807380738370167,
        0.01906081054163751,
        0.01753692226796294,
        0.017327135186699878,
        0.016655463212087815,
        0.01738431734283779
    ],
    "Half Open Box Array - FFT": [
        0.015501696259287389,
        0.014487408598327884,
        0.013313381212636814,
        0.012942851645191312,
        0.013644007627386387,
        0.01391229057318169,
        0.01398762983071441
    ],
    "Half Open Box Array - MUSIC": [
        0.03535454463301684,
        0.02080342289197696,
        0.017613440628169427,
        0.015440411600854251,
        0.015735820652202158,
        0.015514528604907119,
        0.01590259038121114
    ],
    "Half Open Box Array 2 - FFT": [
        0.017348350760040075,
        0.013534806763457237,
        0.012186311750624432,
        0.012387838364198843,
        0.012262245462779927,
        0.013321590656066102,
        0.013672443128407557
    ],
    "Half Open Box Array 2 - MUSIC": [
        0.032568911985329616,
        0.020893426547361482,
        0.017513072785785972,
        0.016267213130988722,
        0.015368434734594372,
        0.015271307213189122,
        0.015290231320704202
    ],
    "Uniform Rectangular Array - FFT": [
        0.014302222549756717,
        0.013700061117218455,
        0.01349629017345818,
        0.013509792637106192,
        0.012910723807830751,
        0.013172383524941447,
        0.013156391884255974
    ]
}