{
    "Nested Array - FFT": 0.01247363672387425,
    "Nested Array - MUSIC": 0.010035690734663271,
    "Open Box Array - FFT": 0.01142688623207437,
    "Open Box Array - MUSIC": 0.05568512310368876
}