{
    "Nested Array - FFT": 0.005360156790784863,
    "Nested Array - MUSIC": 0.0044222270282069254,
    "Open Box Array - FFT": 0.005205559097336052,
    "Open Box Array - MUSIC": 0.005067504983513723
}