{
    "Nested Array - FFT": 0.007594164937219404,
    "Nested Array - MUSIC": 0.006574719222007312,
    "Open Box Array - FFT": 0.006621246334055272,
    "Open Box Array - MUSIC": 0.00691264090488118
}