{
    "Nested Array - FFT": 0.046280089241267176,
    "Nested Array - MUSIC": 0.08794477228599815,
    "Open Box Array - FFT": 0.11245995032929686,
    "Open Box Array - MUSIC": 0.2635071012573445
}