{
    "Nested Array - FFT": 0.0128542033391394,
    "Nested Array - MUSIC": 0.003602987857199285,
    "Open Box Array - FFT": 0.010817811703709174,
    "Open Box Array - MUSIC": 0.006149738963273118
}