{
    "Nested Array - FFT": 0.010541593016634706,
    "Nested Array - MUSIC": 0.01124412351019998,
    "Open Box Array - FFT": 0.011105402286164844,
    "Open Box Array - MUSIC": 0.007516527767156357
}